index,retriever_type,hit_rank,recall@1,recall@5,recall@10,mrr@1,mrr@5,mrr@10
1,bm25,1.2119402985074628,0.6776119402985075,0.8417910447761194,0.8746268656716418,0.6776119402985075,0.7488059701492538,0.7532681828950485
2,colbert_v2,1.6835820895522389,0.5373134328358209,0.7970149253731343,0.8656716417910447,0.5373134328358209,0.6391542288557214,0.6480028429282161
3,colbert_v2h,1.6835820895522389,0.5373134328358209,0.7970149253731343,0.8656716417910447,0.5373134328358209,0.6391542288557214,0.6480028429282161
4,deepct,1.5223880597014925,0.5791044776119403,0.7880597014925373,0.8567164179104477,0.5791044776119403,0.665820895522388,0.6751184553423359
5,sbert,1.2835820895522387,0.6686567164179105,0.826865671641791,0.8716417910447761,0.6686567164179105,0.735273631840796,0.7414179104477612
6,semantic,1.0985074626865672,0.4626865671641791,0.6686567164179105,0.7134328358208956,0.4626865671641791,0.5414427860696517,0.5477185501066097
7,splade,1.5850746268656717,0.417910447761194,0.6507462686567164,0.746268656716418,0.417910447761194,0.5015422885572138,0.515227434257285
